<?xml version="1.0" encoding="UTF-8"?>
<project-private xmlns="http://www.netbeans.org/ns/project-private/1">
    <editor-bookmarks xmlns="http://www.netbeans.org/ns/editor-bookmarks/2" lastBookmarkId="0"/>
    <open-files xmlns="http://www.netbeans.org/ns/projectui-open-files/2">
        <group>
            <file>file:/C:/Users/lujah/OneDrive/Escritorio/VoltGym/src/Paquete/FrmMembresias.java</file>
            <file>file:/C:/Users/lujah/OneDrive/Escritorio/VoltGym/src/Paquete/FrmRegistros.java</file>
            <file>file:/C:/Users/lujah/OneDrive/Escritorio/VoltGym/src/Paquete/FrmPrincipal.java</file>
            <file>file:/C:/Users/lujah/OneDrive/Escritorio/VoltGym/src/Paquete/FrmMenu.java</file>
            <file>file:/C:/Users/lujah/OneDrive/Escritorio/VoltGym/src/Paquete/FrmInstructores.java</file>
            <file>file:/C:/Users/lujah/OneDrive/Escritorio/VoltGym/src/Paquete/FrmClientes.java</file>
        </group>
    </open-files>
</project-private>
